{
  "enhanced_readiness": 0.931912263538869,
  "ecosystem_integration": 0.9178586048000001,
  "communication_fidelity": 0.7596149764332136,
  "critical_concerns_resolved": 