{
  "ultra_readiness": 0.9818363935190096,
  "ecosystem_integration": 0.985,
  "communication_fidelity": 0.9920183611140578,
  "numerical_stability": 0.993,
  "causality_preservation": 0.995,
  "power_efficiency": 0.955,
  "safety_margin": 0.971,
  "critical_concerns_resolved": 3,
  "status": "\ud83d\udfe2 PRODUCTION READY",
  "ready_for_implementation": true,
  "ultra_details": {
    "ultra_fidelity": 0.9920183611140578,
    "ultra_qec": 1.0,
    "perfect_distortion": 0.9955077436274997,
    "perfect_processing": 0.9991901779883001,
    "ultra_redundancy": 0.999899999999999,
    "optimal_bandwidth": 0.99740224930005,
    "target_achieved": 1.0
  }
}